stock_item_name,reason
HSRC H7 TOTEM,not a tap
HSS CENTRE DRILL A 1.6 X 4 TOTEM,not a tap
HSS CENTRE DRILL A 2 X 5 TOTEM,not a tap
HSS CENTRE DRILL A 2.5 X 6.3 TOTEM,not a tap
HSS CENTRE DRILL A 3.15 X 8 TOTEM,not a tap
HSS CENTRE DRILL A 4 X 10 TOTEM,not a tap
HSS CENTRE DRILL A 5 X 12.5 TOTEM,not a tap
HSS CENTRE DRILL A 6.3 X 16 TOTEM,not a tap
HSS CENTRE DRILL B 2.5 X 10 TOTEM,not a tap
HSS CENTRE DRILL B 3.15 X 11.2 TOTEM,not a tap
HSS CENTRE DRILL B 4 X 14 TOTEM,not a tap
HSS CENTRE DRILL BS1 TOTEM,not a tap
HSS CENTRE DRILL BS2 TOTEM,not a tap
HSS CENTRE DRILL BS3 TOTEM,not a tap
HSS CENTRE DRILL BS4 TOTEM,not a tap
HSS CENTRE DRILL BS5 TOTEM,not a tap
HSS CENTRE DRILL BS6 TOTEM,not a tap
HSS CENTRE DRILL BS7 TOTEM,not a tap
HSS DRILL 1 TO 13 TOTEM,not a tap
HSS DRILL 1 TOTEM,not a tap
HSS DRILL 1.1 TOTEM,not a tap
HSS DRILL 1.2 TOTEM,not a tap
HSS DRILL 1.3 TOTEM,not a tap
HSS DRILL 1.4 TOTEM,not a tap
HSS DRILL 1.5 TOTEM,not a tap
HSS DRILL 1.6 TOTEM,not a tap
HSS DRILL 1.7 TOTEM,not a tap
HSS DRILL 1.8 TOTEM,not a tap
HSS DRILL 1.9 TOTEM,not a tap
"HSS DRILL 1/2"" (12.7) TOTEM",not a tap
"HSS DRILL 1/4"" (6.35) TOTEM",not a tap
HSS DRILL 10 TOTEM,not a tap
HSS DRILL 10.1 TOTEM,not a tap
HSS DRILL 10.2 TOTEM,not a tap
HSS DRILL 10.3 TOTEM,not a tap
HSS DRILL 10.4 TOTEM,not a tap
HSS DRILL 10.5 TOTEM,not a tap
HSS DRILL 10.6 TOTEM,not a tap
HSS DRILL 10.7 TOTEM,not a tap
HSS DRILL 10.8 TOTEM,not a tap
HSS DRILL 10.9 TOTEM,not a tap
HSS DRILL 11.0 TOTEM,not a tap
HSS DRILL 11.1 TOTEM,not a tap
HSS DRILL 11.2 TOTEM,not a tap
HSS DRILL 11.3 TOTEM,not a tap
HSS DRILL 11.4 TOTEM,not a tap
HSS DRILL 11.5 TOTEM,not a tap
HSS DRILL 11.6 TOTEM,not a tap
HSS DRILL 11.7 TOTEM,not a tap
HSS DRILL 11.8 TOTEM,not a tap
HSS DRILL 11.9 TOTEM,not a tap
HSS DRILL 12.0 TOTEM,not a tap
HSS DRILL 12.1 TOTEM,not a tap
HSS DRILL 12.2 TOTEM,not a tap
HSS DRILL 12.3 TOTEM,not a tap
HSS DRILL 12.4 TOTEM,not a tap
HSS DRILL 12.5 TOTEM,not a tap
HSS DRILL 12.6 TOTEM,not a tap
HSS DRILL 12.7 TOTEM,not a tap
HSS DRILL 12.8 TOTEM,not a tap
HSS DRILL 12.9 TOTEM,not a tap
HSS DRILL 13.0 TOTEM,not a tap
HSS DRILL 13.5 TOTEM,not a tap
HSS DRILL 14.0 TOTEM,not a tap
HSS DRILL 14.5 TOTEM,not a tap
HSS DRILL 15.0 TOTEM,not a tap
HSS DRILL 16.0 TOTEM,not a tap
HSS DRILL 2 TOTEM,not a tap
HSS DRILL 2.1 TOTEM,not a tap
HSS DRILL 2.2 TOTEM,not a tap
HSS DRILL 2.3 TOTEM,not a tap
HSS DRILL 2.4 TOTEM,not a tap
HSS DRILL 2.5 TOTEM,not a tap
HSS DRILL 2.6 TOTEM,not a tap
HSS DRILL 2.7 TOTEM,not a tap
HSS DRILL 2.8 TOTEM,not a tap
HSS DRILL 2.9 TOTEM,not a tap
HSS DRILL 3 TOTEM,not a tap
HSS DRILL 3.1 TOTEM,not a tap
HSS DRILL 3.2 TOTEM,not a tap
HSS DRILL 3.3 TOTEM,not a tap
HSS DRILL 3.4 TOTEM,not a tap
HSS DRILL 3.5 TOTEM,not a tap
HSS DRILL 3.6 TOTEM,not a tap
HSS DRILL 3.7 TOTEM,not a tap
HSS DRILL 3.8 TOTEM,not a tap
HSS DRILL 3.9 TOTEM,not a tap
"HSS DRILL 33/64"" (13.1) TOTEM",not a tap
HSS DRILL 4 TOTEM,not a tap
HSS DRILL 4.1 TOTEM,not a tap
HSS DRILL 4.2 TOTEM,not a tap
HSS DRILL 4.3 TOTEM,not a tap
HSS DRILL 4.4 TOTEM,not a tap
HSS DRILL 4.5 TOTEM,not a tap
HSS DRILL 4.6 TOTEM,not a tap
HSS DRILL 4.7 TOTEM,not a tap
HSS DRILL 4.8 TOTEM,not a tap
HSS DRILL 4.9 TOTEM,not a tap
HSS DRILL 5 TOTEM,not a tap
HSS DRILL 5.1 TOTEM,not a tap
HSS DRILL 5.2 TOTEM,not a tap
HSS DRILL 5.3 TOTEM,not a tap
HSS DRILL 5.4 TOTEM,not a tap
HSS DRILL 5.5 TOTEM,not a tap
HSS DRILL 5.6 TOTEM,not a tap
HSS DRILL 5.7 TOTEM,not a tap
HSS DRILL 5.8 TOTEM,not a tap
HSS DRILL 5.9 TOTEM,not a tap
"HSS DRILL 5/16"" (7.94) TOTEM",not a tap
HSS DRILL 6 TOTEM,not a tap
HSS DRILL 6.1 TOTEM,not a tap
HSS DRILL 6.2 TOTEM,not a tap
HSS DRILL 6.3 TOTEM,not a tap
HSS DRILL 6.4 TOTEM,not a tap
HSS DRILL 6.5 TOTEM,not a tap
HSS DRILL 6.6 TOTEM,not a tap
HSS DRILL 6.7 TOTEM,not a tap
HSS DRILL 6.8 TOTEM,not a tap
HSS DRILL 6.9 TOTEM,not a tap
HSS DRILL 7 TOTEM,not a tap
HSS DRILL 7.1 TOTEM,not a tap
HSS DRILL 7.2 TOTEM,not a tap
HSS DRILL 7.3 TOTEM,not a tap
HSS DRILL 7.4 TOTEM,not a tap
HSS DRILL 7.5 TOTEM,not a tap
HSS DRILL 7.6 TOTEM,not a tap
HSS DRILL 7.7 TOTEM,not a tap
HSS DRILL 7.8 TOTEM,not a tap
HSS DRILL 7.9 TOTEM,not a tap
"HSS DRILL 7/32"" (5.56) TOTEM",not a tap
HSS DRILL 8 TOTEM,not a tap
HSS DRILL 8.1 TOTEM,not a tap
HSS DRILL 8.2 TOTEM,not a tap
HSS DRILL 8.3 TOTEM,not a tap
HSS DRILL 8.4 TOTEM,not a tap
HSS DRILL 8.5 TOTEM,not a tap
HSS DRILL 8.6 TOTEM,not a tap
HSS DRILL 8.7 TOTEM,not a tap
HSS DRILL 8.8 TOTEM,not a tap
HSS DRILL 8.9 TOTEM,not a tap
HSS DRILL 9 TOTEM,not a tap
HSS DRILL 9.1 TOTEM,not a tap
HSS DRILL 9.2 TOTEM,not a tap
HSS DRILL 9.3 TOTEM,not a tap
HSS DRILL 9.4 TOTEM,not a tap
HSS DRILL 9.5 TOTEM,not a tap
HSS DRILL 9.6 TOTEM,not a tap
HSS DRILL 9.7 TOTEM,not a tap
HSS DRILL 9.8 TOTEM,not a tap
HSS DRILL 9.9 TOTEM,not a tap
"HSS DRILL 9/32"" (7.14) TOTEM",not a tap
HSS DRILL 9/64 (3.57) TOTEM,not a tap
HSS EXTRA LONG DRILL 10 X 250 TOTEM,not a tap
HSS EXTRA LONG DRILL 10 X 300 TOTEM,not a tap
HSS EXTRA LONG DRILL 10.5 X 250 TOTEM,not a tap
HSS EXTRA LONG DRILL 11 X 300 TOTEM,not a tap
HSS EXTRA LONG DRILL 12 X 250 TOTEM,not a tap
HSS EXTRA LONG DRILL 3 X 150 TOTEM,not a tap
HSS EXTRA LONG DRILL 4 X 150 TOTEM,not a tap
HSS EXTRA LONG DRILL 6 X 200 TOTEM,not a tap
HSS EXTRA LONG DRILL 7 X 300 TOTEM,not a tap
HSS EXTRA LONG DRILL 8 X 200 TOTEM,not a tap
HSS EXTRA LONG DRILL 8 X 250 TOTEM,not a tap
HSS EXTRA LONG DRILL 8 X 300 TOTEM,not a tap
HSS EXTRA LONG DRILL 9 X 300 TOTEM,not a tap
"HSS LH DIE 1/4"" BSW TOTEM",not a tap
HSS LH DIE 10 X 1 TOTEM,not a tap
HSS LH DIE 10 X 1.25 TOTEM,not a tap
HSS LH DIE 10 X 1.5 TOTEM,not a tap
HSS LH DIE 12 X 1.75 TOTEM,not a tap
HSS LH DIE 14 X 2 TOTEM,not a tap
HSS LH DIE 16 X 1.5 TOTEM,not a tap
HSS LH DIE 16 X 2 TOTEM,not a tap
HSS LH DIE 20 X 2.5 TOTEM,not a tap
"HSS LH DIE 3/16"" BSW TOTEM",not a tap
HSS LH DIE 5 X .8 TOTEM,not a tap
HSS LH DIE 6 X 1 TOTEM,not a tap
HSS LH DIE 8 X 1.25 TOTEM,not a tap
HSS LH TAB 24 X 3 SET TOTEM,not a tap
HSS LH TAP 10 X 1.25 SPIREX TOTEM,"SPIREX: page 11 HSSE grid, not matched yet"
HSS LONG DRILL 1.5 TOTEM,not a tap
HSS LONG DRILL 1.9 TOTEM,not a tap
HSS LONG DRILL 10 TOTEM,not a tap
HSS LONG DRILL 10.2 TOTEM,not a tap
HSS LONG DRILL 10.3 TOTEM,not a tap
HSS LONG DRILL 11.2 TOTEM,not a tap
HSS LONG DRILL 12 TOTEM,not a tap
HSS LONG DRILL 12.5 TOTEM,not a tap
HSS LONG DRILL 13 TOTEM,not a tap
HSS LONG DRILL 2 TOTEM,not a tap
HSS LONG DRILL 2.1 TOTEM,not a tap
HSS LONG DRILL 2.2 TOTEM,not a tap
HSS LONG DRILL 2.5 TOTEM,not a tap
HSS LONG DRILL 2.6 TOTEM,not a tap
HSS LONG DRILL 2.8 TOTEM,not a tap
HSS LONG DRILL 3 TOTEM,not a tap
HSS LONG DRILL 3.1 TOTEM,not a tap
HSS LONG DRILL 3.2 TOTEM,not a tap
HSS LONG DRILL 3.3 TOTEM,not a tap
HSS LONG DRILL 3.5 TOTEM,not a tap
HSS LONG DRILL 3.7 TOTEM,not a tap
HSS LONG DRILL 3.8 TOTEM,not a tap
HSS LONG DRILL 3.9 TOTEM,not a tap
HSS LONG DRILL 4 TOTEM,not a tap
HSS LONG DRILL 4.1 TOTEM,not a tap
HSS LONG DRILL 4.2 TOTEM,not a tap
HSS LONG DRILL 4.5 TOTEM,not a tap
HSS LONG DRILL 4.7 TOTEM,not a tap
HSS LONG DRILL 4.8 TOTEM,not a tap
HSS LONG DRILL 4.9 TOTEM,not a tap
HSS LONG DRILL 5 TOTEM,not a tap
HSS LONG DRILL 5.2 TOTEM,not a tap
HSS LONG DRILL 5.8 TOTEM,not a tap
HSS LONG DRILL 5.9 TOTEM,not a tap
HSS LONG DRILL 6 TOTEM,not a tap
HSS LONG DRILL 6.3 TOTEM,not a tap
HSS LONG DRILL 6.7 TOTEM,not a tap
HSS LONG DRILL 6.8 TOTEM,not a tap
HSS LONG DRILL 7.2 TOTEM,not a tap
HSS LONG DRILL 7.5 TOTEM,not a tap
HSS LONG DRILL 8 TOTEM,not a tap
HSS LONG DRILL 8.5 TOTEM,not a tap
HSS LONG DRILL 8.7 TOTEM,not a tap
HSS LONG TAP 12 X 1.75 SC4 TOTEM,"Silver Cut grade SC4: p12-28, not matched yet"
HSS LONG TAP 26 X 1.5 TYPE C TOTEM,no cell: Metric Coarse 26 X 1.5 Standard
HSS LONG TAP 6 X 1 SC4 TOTEM,"Silver Cut grade SC4: p12-28, not matched yet"
HSS LONG TAP 8 X 1.25 SC4 TOTEM,"Silver Cut grade SC4: p12-28, not matched yet"
HSS M35 DRILL 12.5 TOTEM,not a tap
HSS M35 DRILL 2.5 TOTEM,not a tap
HSS M35 DRILL 3 TOTEM,not a tap
HSS M35 DRILL 4 TOTEM,not a tap
"HSS ROUND DIE 1-1/2"" BSP OD 4"" TOTEM",not a tap
"HSS ROUND DIE 1-1/2"" BSPT OD 4"" TOTEM",not a tap
"HSS ROUND DIE 1-1/2"" BSW TOTEM",not a tap
"HSS ROUND DIE 1-1/4"" BSP OD3"" TOTEM",not a tap
"HSS ROUND DIE 1-1/4"" BSW TOTEM",not a tap
"HSS ROUND DIE 1-1/4"" NPT OD3"" TOTEM",not a tap
"HSS ROUND DIE 1"" BSP TOTEM",not a tap
"HSS ROUND DIE 1"" BSPT OD3"" TOTEM",not a tap
"HSS ROUND DIE 1"" BSW OD 2"" TOTEM",not a tap
"HSS ROUND DIE 1"" NPT TOTEM",not a tap
"HSS ROUND DIE 1/2"" BSF TOTEM",not a tap
"HSS ROUND DIE 1/2"" BSP OD 1-1/2"" TOTEM",not a tap
"HSS ROUND DIE 1/2"" BSP OD 2"" TOTEM",not a tap
"HSS ROUND DIE 1/2"" BSPT OD 2"" TOTEM",not a tap
"HSS ROUND DIE 1/2"" BSW OD 1-1/2"" TOTEM",not a tap
"HSS ROUND DIE 1/2"" BSW TOTEM",not a tap
"HSS ROUND DIE 1/2"" NPT OD 2"" TOTEM",not a tap
"HSS ROUND DIE 1/2"" NPT TOTEM",not a tap
"HSS ROUND DIE 1/2"" UNC OD 1-1/2"" TOTEM",not a tap
"HSS ROUND DIE 1/2"" UNF OD 1-1/2"" TOTEM",not a tap
"HSS ROUND DIE 1/4"" BSP TOTEM",not a tap
"HSS ROUND DIE 1/4"" BSPT TOTEM",not a tap
"HSS ROUND DIE 1/4"" BSW OD 1"" TOTEM",not a tap
"HSS ROUND DIE 1/4"" BSW TOTEM",not a tap
"HSS ROUND DIE 1/4"" NPT TOTEM",not a tap
"HSS ROUND DIE 1/4"" UN TOTEM",not a tap
"HSS ROUND DIE 1/4"" UNC TOTEM",not a tap
"HSS ROUND DIE 1/4"" UNF OD 1"" TOTEM",not a tap
"HSS ROUND DIE 1/8"" BSP TOTEM",not a tap
"HSS ROUND DIE 1/8"" BSPT OD1"" TOTEM",not a tap
"HSS ROUND DIE 1/8"" BSW TOTEM",not a tap
"HSS ROUND DIE 1/8"" NPT TOTEM",not a tap
HSS ROUND DIE 10 X 1 TOTEM,not a tap
HSS ROUND DIE 10 X 1.25 TOTEM,not a tap
HSS ROUND DIE 10 X 1.5 TOTEM,not a tap
HSS ROUND DIE 11 X 1.5 TOTEM,not a tap
HSS ROUND DIE 12 X 1 TOTEM,not a tap
HSS ROUND DIE 12 X 1.25 TOTEM,not a tap
HSS ROUND DIE 12 X 1.5 TOTEM,not a tap
HSS ROUND DIE 12 X 1.75 TOTEM,not a tap
HSS ROUND DIE 14 X 1 TOTEM,not a tap
HSS ROUND DIE 14 X 1.25 TOTEM,not a tap
HSS ROUND DIE 14 X 1.5 TOTEM,not a tap
HSS ROUND DIE 14 X 2 TOTEM,not a tap
HSS ROUND DIE 15 X 1.5 TOTEM,not a tap
HSS ROUND DIE 16 X 1 TOTEM,not a tap
HSS ROUND DIE 16 X 1.25 TOTEM,not a tap
HSS ROUND DIE 16 X 1.5 TOTEM,not a tap
HSS ROUND DIE 16 X 2 TOTEM,not a tap
HSS ROUND DIE 18 X 1 TOTEM,not a tap
HSS ROUND DIE 18 X 1.5 TOTEM,not a tap
HSS ROUND DIE 18 X 2 TOTEM,not a tap
HSS ROUND DIE 18 X 2.5 TOTEM,not a tap
HSS ROUND DIE 2 X .4 TOTEM,not a tap
HSS ROUND DIE 2.5 X .45 TOTEM,not a tap
HSS ROUND DIE 2.6 X .45 TOTEM,not a tap
"HSS ROUND DIE 2"" BSP OD4"" TOTEM",not a tap
"HSS ROUND DIE 2"" BSPT TOTEM",not a tap
HSS ROUND DIE 20 X 1 TOTEM,not a tap
"HSS ROUND DIE 20 X 1.5 OD2"" TOTEM",not a tap
HSS ROUND DIE 20 X 1.5 TOTEM,not a tap
"HSS ROUND DIE 20 X 2.5 OD2"" TOTEM",not a tap
HSS ROUND DIE 20 X 2.5 TOTEM,not a tap
HSS ROUND DIE 22 X 1 TOTEM,not a tap
HSS ROUND DIE 22 X 1.5 TOTEM,not a tap
HSS ROUND DIE 22 X 2.5 TOTEM,not a tap
HSS ROUND DIE 24 X 1 TOTEM,not a tap
HSS ROUND DIE 24 X 1.5 TOTEM,not a tap
HSS ROUND DIE 24 X 2 TOTEM,not a tap
HSS ROUND DIE 24 X 3 TOTEM,not a tap
HSS ROUND DIE 25 X 1 TOTEM,not a tap
HSS ROUND DIE 25 X 1.5 TOTEM,not a tap
HSS ROUND DIE 26 X 1.5 TOTEM,not a tap
HSS ROUND DIE 27 X 1.5 TOTEM,not a tap
HSS ROUND DIE 27 X 3 TOTEM,not a tap
HSS ROUND DIE 28 X 1.5 TOTEM,not a tap
HSS ROUND DIE 3 X .5 TOTEM,not a tap
HSS ROUND DIE 3.5 X .6 TOTEM,not a tap
"HSS ROUND DIE 3/16"" BSW TOTEM",not a tap
"HSS ROUND DIE 3/4"" BSP TOTEM",not a tap
"HSS ROUND DIE 3/4"" BSPT OD2""  TOTEM",not a tap
"HSS ROUND DIE 3/4"" BSW OD 1-1/2"" TOTEM",not a tap
"HSS ROUND DIE 3/4"" NPT TOTEM",not a tap
"HSS ROUND DIE 3/4"" UNC OD 1-1/2"" TOTEM",not a tap
"HSS ROUND DIE 3/4"" UNF OD 1-1/2"" TOTEM",not a tap
"HSS ROUND DIE 3/8"" BSB TOTEM",not a tap
"HSS ROUND DIE 3/8"" BSP TOTEM",not a tap
"HSS ROUND DIE 3/8"" BSPT TOTEM",not a tap
"HSS ROUND DIE 3/8"" BSW TOTEM",not a tap
"HSS ROUND DIE 3/8"" NPT OD 2"" TOTEM",not a tap
"HSS ROUND DIE 3/8"" NPT TOTEM",not a tap
"HSS ROUND DIE 3/8"" UNC TOTEM",not a tap
"HSS ROUND DIE 3/8"" UNF TOTEM",not a tap
"HSS ROUND DIE 30 X 1.5 OD 2"" TOTEM",not a tap
"HSS ROUND DIE 30 X 2 OD 2-1/4"" TOTEM",not a tap
"HSS ROUND DIE 30 X 2 OD2"" TOTEM",not a tap
"HSS ROUND DIE 30 X 3.5 OD 2-1/4"" TOTEM",not a tap
"HSS ROUND DIE 30 X 3.5 OD 2"" TOTEM",not a tap
"HSS ROUND DIE 32 X 1.5 OD2-1/4"" TOTEM",not a tap
HSS ROUND DIE 32 X 1.5 TOTEM,not a tap
"HSS ROUND DIE 34 X 1.5 OD 2-1/2"" TOTEM",not a tap
HSS ROUND DIE 36 X 1.5 TOTEM,not a tap
HSS ROUND DIE 36 X 2 TOTEM,not a tap
"HSS ROUND DIE 36 X 3 OD2-1/2"" TOTEM",not a tap
HSS ROUND DIE 36 X 4 TOTEM,not a tap
HSS ROUND DIE 38 X 1.5 TOTEM,not a tap
HSS ROUND DIE 4 X .5 TOTEM,not a tap
HSS ROUND DIE 4 X .7 TOTEM,not a tap
"HSS ROUND DIE 40 X 1.5 OD 2-1/2"" TOTEM",not a tap
HSS ROUND DIE 42 X 4.5 TOTEM,not a tap
"HSS ROUND DIE 45 X 1.5 OD3"" TOTEM",not a tap
HSS ROUND DIE 5 X .8 TOTEM,not a tap
"HSS ROUND DIE 5/16"" BSW TOTEM",not a tap
"HSS ROUND DIE 5/16"" UNC OD 1"" TOTEM",not a tap
"HSS ROUND DIE 5/16"" UNF OD 1"" TOTEM",not a tap
"HSS ROUND DIE 5/32"" BSW TOTEM",not a tap
"HSS ROUND DIE 5/8"" BSF TOTEM",not a tap
"HSS ROUND DIE 5/8"" BSP TOTEM",not a tap
"HSS ROUND DIE 5/8"" BSW TOTEM",not a tap
"HSS ROUND DIE 5/8"" UNC OD 1-1/2"" TOTEM",not a tap
"HSS ROUND DIE 5/8"" UNF OD 1-1/2"" TOTEM",not a tap
"HSS ROUND DIE 5/8"" UNF TOTEM",not a tap
HSS ROUND DIE 56 X 4 TOTEM,not a tap
HSS ROUND DIE 6 X .5 TOTEM,not a tap
"HSS ROUND DIE 6 X .75 OD 1"" TOTEM",not a tap
HSS ROUND DIE 6 X .75 TOTEM,not a tap
"HSS ROUND DIE 6 X 1 OD 1"" TOTEM",not a tap
HSS ROUND DIE 6 X 1 TOTEM,not a tap
HSS ROUND DIE 60 X 4 TOTEM,not a tap
HSS ROUND DIE 7 X 1 TOTEM,not a tap
"HSS ROUND DIE 7/16"" BSW TOTEM",not a tap
"HSS ROUND DIE 7/16"" UNC TOTEM",not a tap
"HSS ROUND DIE 7/16"" UNF TOTEM",not a tap
"HSS ROUND DIE 7/32"" BSW TOTEM",not a tap
"HSS ROUND DIE 7/8"" BSP TOTEM",not a tap
"HSS ROUND DIE 7/8"" BSW TOTEM",not a tap
"HSS ROUND DIE 7/8"" UNF TOTEM",not a tap
HSS ROUND DIE 8 UNC TOTEM,not a tap
HSS ROUND DIE 8 X .75 TOTEM,not a tap
HSS ROUND DIE 8 X 1 TOTEM,not a tap
HSS ROUND DIE 8 X 1.25 TOTEM,not a tap
HSS ROUND DIE 9 X 1 TOTEM,not a tap
HSS ROUND DIE 9 X 1.25 TOTEM,not a tap
"HSS ROUND DIE 9/16"" UNF TOTEM",not a tap
"HSS ROUND DIE 9/6"" UNF OD 1-1/2"" TOTEM",not a tap
"HSS STUB DRILL 1/4"" (6.35) TOTEM",not a tap
"HSS STUB DRILL 11/64"" (4.37) TOTEM",not a tap
HSS STUB DRILL 12.5 TOTEM,not a tap
"HSS STUB DRILL 3/32"" (2.38) TOTEM",not a tap
"HSS STUB DRILL 5/16"" (7.94) TOTEM",not a tap
"HSS STUB DRILL 5/32""(3.97) TOTEM",not a tap
"HSS STUB DRILL 7/64"" (2.78) TOTEM",not a tap
"HSS STUB DRILL 9/32"" (7.14) TOTEM",not a tap
HSS T/S DRILL 18 TOTEM,not a tap
HSS T/S DRILL 19 TOTEM,not a tap
HSS T/S DRILL 23 TOTEM,not a tap
HSS T/S DRILL 38 TOTEM,not a tap
HSS TAP 1 BA SPIREX GOLD TOTEM,"SPIREX: page 11 HSSE grid, not matched yet"
"HSS TAP 1-1/2"" UNC SBF2 LHRH OAL 180 TOTEM","Silver Cut grade SBF2: p12-28, not matched yet"
"HSS TAP 1-1/2"" UNC SBF2 RHLH OAL 180 TOTEM","Silver Cut grade SBF2: p12-28, not matched yet"
HSS TAP 1.7 X .35 BOT TOTEM,no cell: Metric Coarse 1.7 X 0.35 Standard
HSS TAP 1.7 X .35 SEC TOTEM,no cell: Metric Coarse 1.7 X 0.35 Standard
HSS TAP 1.7 X .35 SET TOTEM,no cell: Metric Coarse 1.7 X 0.35 Standard
"HSS TAP 1/16"" BSPT PAIR TOTEM","no cell: BSPT 1/16"" Standard"
"HSS TAP 1/16"" BSW SEC TOTEM","no cell: BSW/BSF 1/16"" Standard"
"HSS TAP 1/16"" BSW SET TOTEM","no cell: BSW/BSF 1/16"" Standard"
"HSS TAP 1/2"" NPTF PAIR TOTEM",thread NPTF not in this price list
"HSS TAP 1/4"" BOT TOTEM",size/thread not recognised
"HSS TAP 1/4"" NPTF BOT TOTEM",thread NPTF not in this price list
"HSS TAP 1/8"" NPTF BOT TOTEM",thread NPTF not in this price list
HSS TAP 10 X .5 SEC TOTEM,no cell: Metric Coarse 10 X 0.5 Standard
HSS TAP 10 X .75 BOT TOTEM,no cell: Metric Coarse 10 X 0.75 Standard
HSS TAP 10 X .75 PAIR TOTEM,no cell: Metric Coarse 10 X 0.75 Standard
HSS TAP 10 X .75 TPR TOTEM,no cell: Metric Coarse 10 X 0.75 Standard
HSS TAP 12 X .75 BOT TOTEM,no cell: Metric Coarse 12 X 0.75 Standard
HSS TAP 12 X .75 PAIR TOTEM,no cell: Metric Coarse 12 X 0.75 Standard
HSS TAP 12 X .75 SET TOTEM,no cell: Metric Coarse 12 X 0.75 Standard
HSS TAP 13 X 1 BOT TOTEM,no cell: Metric Coarse 13 X 1 Standard
HSS TAP 13 X 1 PAIR TOTEM,no cell: Metric Coarse 13 X 1 Standard
HSS TAP 13 X 1.25 BOT TOTEM,no cell: Metric Coarse 13 X 1.25 Standard
HSS TAP 13 X 1.5 BOT TOTEM,no cell: Metric Coarse 13 X 1.5 Standard
HSS TAP 13 X 1.5 PAIR TOTEM,no cell: Metric Coarse 13 X 1.5 Standard
HSS TAP 15 X 1 BOT TOTEM,no cell: Metric Coarse 15 X 1 Standard
HSS TAP 15 X 1 PAIR TOTEM,no cell: Metric Coarse 15 X 1 Standard
HSS TAP 15 X 1.5 BOT TOTEM,no cell: Metric Coarse 15 X 1.5 Standard
HSS TAP 16 X 1.25 BOT TOTEM,no cell: Metric Coarse 16 X 1.25 Standard
HSS TAP 16 X 1.25 PAIR TOTEM,no cell: Metric Coarse 16 X 1.25 Standard
HSS TAP 17 X 1 BOT TOTEM,no cell: Metric Coarse 17 X 1 Standard
HSS TAP 2.3 X .45 BOT  TOTEM,no cell: Metric Coarse 2.3 X 0.45 Standard
HSS TAP 2.5 X 45 6G BOT TOTEM,no cell: Metric Coarse 2.5 X 45 Standard
HSS TAP 2.5 X 45 BOT TOTEM,no cell: Metric Coarse 2.5 X 45 Standard
HSS TAP 24 X 1 BOT TOTEM,no cell: Metric Coarse 24 X 1 Standard
HSS TAP 24 X 1 PAIR TOTEM,no cell: Metric Coarse 24 X 1 Standard
HSS TAP 26 X 1 BOT TOTEM,no cell: Metric Coarse 26 X 1 Standard
HSS TAP 26 X 1 PAIR TOTEM,no cell: Metric Coarse 26 X 1 Standard
HSS TAP 26 X 1 TPR TOTEM,no cell: Metric Coarse 26 X 1 Standard
HSS TAP 26 X 1.5 BOT TOTEM,no cell: Metric Coarse 26 X 1.5 Standard
HSS TAP 26 X 1.5 PAIR TOTEM,no cell: Metric Coarse 26 X 1.5 Standard
HSS TAP 26 X 1.5 SEC TOTEM,no cell: Metric Coarse 26 X 1.5 Standard
HSS TAP 26 X 1.5 TPR TOTEM,no cell: Metric Coarse 26 X 1.5 Standard
HSS TAP 26 X 2 BOT TOTEM,no cell: Metric Coarse 26 X 2 Standard
HSS TAP 27 X 1 BOT TOTEM,no cell: Metric Coarse 27 X 1 Standard
HSS TAP 27 X 1 PAIR TOTEM,no cell: Metric Coarse 27 X 1 Standard
HSS TAP 28 X 1 BOT TOTEM,no cell: Metric Coarse 28 X 1 Standard
HSS TAP 28 X 1 PAIR TOTEM,no cell: Metric Coarse 28 X 1 Standard
HSS TAP 28 X 1.5 BOT TOTEM,no cell: Metric Coarse 28 X 1.5 Standard
HSS TAP 28 X 1.5 PAIR TOTEM,no cell: Metric Coarse 28 X 1.5 Standard
HSS TAP 28 X 1.5 SEC TOTEM,no cell: Metric Coarse 28 X 1.5 Standard
HSS TAP 28 X 2 BOT TOTEM,no cell: Metric Coarse 28 X 2 Standard
HSS TAP 28 X 2 PAIR TOTEM,no cell: Metric Coarse 28 X 2 Standard
HSS TAP 28 X 2 TPR TOTEM,no cell: Metric Coarse 28 X 2 Standard
HSS TAP 3 X .35 BOT TOTEM,no cell: Metric Coarse 3 X 0.35 Standard
HSS TAP 3 X .35 SEC TOTEM,no cell: Metric Coarse 3 X 0.35 Standard
"HSS TAP 3/16"" UNC SET TOTEM","no cell: UNF/UNC 3/16"" Standard"
"HSS TAP 3/8"" NPTF BOT TOTEM",thread NPTF not in this price list
HSS TAP 30 X 1 BOT TOTEM,no cell: Metric Coarse 30 X 1 Standard
HSS TAP 30 X 1 PAIR TOTEM,no cell: Metric Coarse 30 X 1 Standard
HSS TAP 30 X 3 BOT TOTEM,no cell: Metric Coarse 30 X 3 Standard
HSS TAP 30 X 3 PAIR TOTEM,no cell: Metric Coarse 30 X 3 Standard
HSS TAP 30 X 3 TPR TOTEM,no cell: Metric Coarse 30 X 3 Standard
HSS TAP 32 X 1.5 BOT TOTEM,no cell: Metric Coarse 32 X 1.5 Standard
HSS TAP 32 X 1.5 TPR TOTEM,no cell: Metric Coarse 32 X 1.5 Standard
HSS TAP 32 X 2 BOT TOTEM,no cell: Metric Coarse 32 X 2 Standard
HSS TAP 32 X 2 PAIR TOTEM,no cell: Metric Coarse 32 X 2 Standard
HSS TAP 34 X 1.5 BOT TOTEM,no cell: Metric Coarse 34 X 1.5 Standard
HSS TAP 34 X 1.5 PAIR TOTEM,no cell: Metric Coarse 34 X 1.5 Standard
HSS TAP 34 X 2  BOT TOTEM,no cell: Metric Coarse 34 X 2 Standard
HSS TAP 35 X 1.5 BOT TOTEM,no cell: Metric Coarse 35 X 1.5 Standard
HSS TAP 35 X 1.5 PAIR TOTEM,no cell: Metric Coarse 35 X 1.5 Standard
HSS TAP 35 X 1.5 TPR TOTEM,no cell: Metric Coarse 35 X 1.5 Standard
HSS TAP 36 X 2 BOT TOTEM,no cell: Metric Coarse 36 X 2 Standard
HSS TAP 36 X 2 PAIR TOTEM,no cell: Metric Coarse 36 X 2 Standard
HSS TAP 36 X 2 SEC TOTEM,no cell: Metric Coarse 36 X 2 Standard
HSS TAP 36 X 2 TPR TOTEM,no cell: Metric Coarse 36 X 2 Standard
HSS TAP 38 X 1.5 BOT TOTEM,no cell: Metric Coarse 38 X 1.5 Standard
HSS TAP 4 X .7 6G SPIREX GOLD TOTEM,"SPIREX: page 11 HSSE grid, not matched yet"
HSS TAP 4.5 X .5 BOT TOTEM,no cell: Metric Coarse 4.5 X 0.5 Standard
HSS TAP 4.5 X .5 PAIR TOTEM,no cell: Metric Coarse 4.5 X 0.5 Standard
HSS TAP 4.5 X .5 SET TOTEM,no cell: Metric Coarse 4.5 X 0.5 Standard
HSS TAP 4.5 X .6 SET TOTEM,no cell: Metric Coarse 4.5 X 0.6 Standard
HSS TAP 40 X 1.5 BOT TOTEM,no cell: Metric Coarse 40 X 1.5 Standard
HSS TAP 40 X 1.5 PAIR TOTEM,no cell: Metric Coarse 40 X 1.5 Standard
HSS TAP 40 X 1.5 TPR TOTEM,no cell: Metric Coarse 40 X 1.5 Standard
HSS TAP 40 X 3 BOT TIN TOTEM,no cell: Metric Coarse 40 X 3 Standard
HSS TAP 42 X 2 BOT TOTEM,no cell: Metric Coarse 42 X 2 Standard
HSS TAP 45 X 2 BOT TOTEM,no cell: Metric Coarse 45 X 2 Standard
"HSS TAP 5/8"" NPT PAIR TOTEM","no cell: NPT 5/8"" Standard"
HSS TAP 6 X .5 BOT TOTEM,no cell: Metric Coarse 6 X 0.5 Standard
HSS TAP 7 X .5 BOT TOTEM,no cell: Metric Coarse 7 X 0.5 Standard
HSS TAP 7 X .5 PAIR TOTEM,no cell: Metric Coarse 7 X 0.5 Standard
HSS TAP 7 X .75 BOT TOTEM,no cell: Metric Coarse 7 X 0.75 Standard
HSS TAP 7 X .75 PAIR TOTEM,no cell: Metric Coarse 7 X 0.75 Standard
HSS TAP 7 X .75 SET TOTEM,no cell: Metric Coarse 7 X 0.75 Standard
HSS TAP 7 X .75 TPR TOTEM,no cell: Metric Coarse 7 X 0.75 Standard
HSS TAP 8 X .75 BOT TOTEM,no cell: Metric Coarse 8 X 0.75 Standard
HSS TAP 8 X .75 PAIR TOTEM,no cell: Metric Coarse 8 X 0.75 Standard
HSS TAP 8 X .75 TPR TOTEM,no cell: Metric Coarse 8 X 0.75 Standard
HSS TAP 8 X 1.5 PAIR TOTEM,no cell: Metric Coarse 8 X 1.5 Standard
HSS TAP 9 X .75 BOT TOTEM,no cell: Metric Coarse 9 X 0.75 Standard
HSS-E DRILL 2 TOTEM,not a tap
HSS-E DRILL 6.5 TOTEM,not a tap
HSS-E LH TAP 30 X 2 6G OAL 180 TOTEM,"HSS-E: priced on p11/p12-28, not matched yet"
HSS-E LH TAP 36 X 3 6G OAL 180 TOTEM,"HSS-E: priced on p11/p12-28, not matched yet"
HSS-E LONG TAP 6 X 1 TYPE C XL TICN TOTEM,"HSS-E: priced on p11/p12-28, not matched yet"
HSS-E NIB TAP 10 X 1.25 GOLD TOTEM,nib/die - not a tap grid
HSS-E NIB TAP 10 X 1.5 GOLD TOTEM,nib/die - not a tap grid
HSS-E NIB TAP 12 X 1.5 GOLD TOTEM,nib/die - not a tap grid
HSS-E NIB TAP 12 X 1.75 GOLD TOTEM,nib/die - not a tap grid
HSS-E NIB TAP 14 X 1.5 GOLD TOTEM,nib/die - not a tap grid
HSS-E NIB TAP 20 X 1.5 GOLD TOTEM,nib/die - not a tap grid
HSS-E NIB TAP 20 X 2.5 GOLD TOTEM,nib/die - not a tap grid
HSS-E NIB TAP 24 X 3 GOLD TOTEM,nib/die - not a tap grid
HSS-E NIB TAP 6 X 1 GH7A GOLD BS TOTEM,nib/die - not a tap grid
HSS-E NIB TAP 6 X 1 GOLD TOTEM,nib/die - not a tap grid
HSS-E NIB TAP 8 X 1.25 GH7A GOLD BS OAL 82 TOTEM,nib/die - not a tap grid
HSS-E NIB TAP 8 X 1.25 GOLD TOTEM,nib/die - not a tap grid
HSS-E PM TAP D371 4 X .7 S TOTEM,"HSS-E: priced on p11/p12-28, not matched yet"
HSS-E PM TAP D371 4 X .7 TOTEM,"HSS-E: priced on p11/p12-28, not matched yet"
HSS-E PM TAP D376 12 X 1.75 TOTEM,"HSS-E: priced on p11/p12-28, not matched yet"
HSS-E ROLL TAP 10 X 1.5 SD3 TOTEM,"HSS-E: priced on p11/p12-28, not matched yet"
HSS-E ROLL TAP 12 X 1.25 O/G OAL 150 TOTEM,"HSS-E: priced on p11/p12-28, not matched yet"
HSS-E ROLL TAP 12 X 1.75 SD3 TOTEM,"HSS-E: priced on p11/p12-28, not matched yet"
HSS-E ROLL TAP 14 X 1.5 6G SDF3 TOTEM,"HSS-E: priced on p11/p12-28, not matched yet"
HSS-E ROLL TAP 3.5 X .6 SD3 TOTEM,"HSS-E: priced on p11/p12-28, not matched yet"
HSS-E ROLL TAP 4 X .7 SD1 TOTEM,"HSS-E: priced on p11/p12-28, not matched yet"
HSS-E ROLL TAP 4 X .7 SD3 TOTEM,"HSS-E: priced on p11/p12-28, not matched yet"
HSS-E ROLL TAP 5 X .8 SD3 TOTEM,"HSS-E: priced on p11/p12-28, not matched yet"
HSS-E ROLL TAP 6 X 1 SD3 TOTEM,"HSS-E: priced on p11/p12-28, not matched yet"
HSS-E ROLL TAP 8 X 1.25 SD3 TOTEM,"HSS-E: priced on p11/p12-28, not matched yet"
HSS-E ROLL TAP D371 3 X .5 SD3 TOTEM,"HSS-E: priced on p11/p12-28, not matched yet"
HSS-E ROLL TAP D371 6 X 1 SD3 TOTEM,"HSS-E: priced on p11/p12-28, not matched yet"
HSS-E ROLL TAP D371 6 X 1 SD5 TOTEM,"HSS-E: priced on p11/p12-28, not matched yet"
HSS-E ROLL TAP D371 8 X 1.25 SD3 TOTEM,"HSS-E: priced on p11/p12-28, not matched yet"
"HSS-E TAP 1/2"" UNC HPT SPIREX HIGH HELIX TOTEM","HSS-E: priced on p11/p12-28, not matched yet"
"HSS-E TAP 1/2"" UNC SB4 TOTEM","HSS-E: priced on p11/p12-28, not matched yet"
"HSS-E TAP 1/4"" UNC SB3 TOTEM","HSS-E: priced on p11/p12-28, not matched yet"
"HSS-E TAP 1/8"" NPTF SC4 TOTEM","HSS-E: priced on p11/p12-28, not matched yet"
HSS-E TAP 10 X 1 SA3 TOTEM,"HSS-E: priced on p11/p12-28, not matched yet"
HSS-E TAP 10 X 1 SB3 TOTEM,"HSS-E: priced on p11/p12-28, not matched yet"
HSS-E TAP 10 X 1.25 SA3 TOTEM,"HSS-E: priced on p11/p12-28, not matched yet"
HSS-E TAP 10 X 1.25 SB3 TOTEM,"HSS-E: priced on p11/p12-28, not matched yet"
HSS-E TAP 10 X 1.25 SBS5 TOTEM,"HSS-E: priced on p11/p12-28, not matched yet"
HSS-E TAP 10 X 1.5 SA2 TOTEM,"HSS-E: priced on p11/p12-28, not matched yet"
HSS-E TAP 10 X 1.5 SA3 TOTEM,"HSS-E: priced on p11/p12-28, not matched yet"
HSS-E TAP 10 X 1.5 SAS5 TOTEM,"HSS-E: priced on p11/p12-28, not matched yet"
HSS-E TAP 10 X 1.5 SB2 TOTEM,"HSS-E: priced on p11/p12-28, not matched yet"
HSS-E TAP 10 X 1.5 SB3 TOTEM,"HSS-E: priced on p11/p12-28, not matched yet"
HSS-E TAP 10 X 1.5 SBF3 TOTEM,"HSS-E: priced on p11/p12-28, not matched yet"
HSS-E TAP 10 X 1.5 SBS5 TOTEM,"HSS-E: priced on p11/p12-28, not matched yet"
HSS-E TAP 10 X 1.5 SPIREX GOLD TOTEM,"HSS-E: priced on p11/p12-28, not matched yet"
HSS-E TAP 12 X 1.25 SD5 TOTEM,"HSS-E: priced on p11/p12-28, not matched yet"
HSS-E TAP 12 X 1.25 SPIREX TOTEM,"HSS-E: priced on p11/p12-28, not matched yet"
HSS-E TAP 12 X 1.5 SA3 TOTEM,"HSS-E: priced on p11/p12-28, not matched yet"
HSS-E TAP 12 X 1.5 SB3 TOTEM,"HSS-E: priced on p11/p12-28, not matched yet"
HSS-E TAP 12 X 1.75 SA2 TOTEM,"HSS-E: priced on p11/p12-28, not matched yet"
HSS-E TAP 12 X 1.75 SA3 TOTEM,"HSS-E: priced on p11/p12-28, not matched yet"
HSS-E TAP 12 X 1.75 SAS5 TOTEM,"HSS-E: priced on p11/p12-28, not matched yet"
HSS-E TAP 12 X 1.75 SB3 TOTEM,"HSS-E: priced on p11/p12-28, not matched yet"
HSS-E TAP 12 X 1.75 SBF3 TOTEM,"HSS-E: priced on p11/p12-28, not matched yet"
HSS-E TAP 12 X 1.75 SBS5 TOTEM,"HSS-E: priced on p11/p12-28, not matched yet"
HSS-E TAP 12 X 1.75 SPFL TIN TOTEM,"HSS-E: priced on p11/p12-28, not matched yet"
HSS-E TAP 12 X 1.75 SPIREX GOLD TOTEM,"HSS-E: priced on p11/p12-28, not matched yet"
HSS-E TAP 14 X 2 SA3 TOTEM,"HSS-E: priced on p11/p12-28, not matched yet"
HSS-E TAP 16 X 1.5 SPIREX TOTEM,"HSS-E: priced on p11/p12-28, not matched yet"
HSS-E TAP 16 X 2 6G SA3 TOTEM,"HSS-E: priced on p11/p12-28, not matched yet"
HSS-E TAP 16 X 2 D376 16 X 2 6G SA5 TOTEM,"HSS-E: priced on p11/p12-28, not matched yet"
HSS-E TAP 16 X 2 SA3 TOTEM,"HSS-E: priced on p11/p12-28, not matched yet"
HSS-E TAP 16 X 2 SB3 TOTEM,"HSS-E: priced on p11/p12-28, not matched yet"
HSS-E TAP 16 X 2 SPIREX GOLD TOTEM,"HSS-E: priced on p11/p12-28, not matched yet"
HSS-E TAP 18 X 1.5 SB3 TOTEM,"HSS-E: priced on p11/p12-28, not matched yet"
HSS-E TAP 18 X 1.5 SC4 TOTEM,"HSS-E: priced on p11/p12-28, not matched yet"
HSS-E TAP 20 X 2.5 7G SB3 TOTEM,"HSS-E: priced on p11/p12-28, not matched yet"
HSS-E TAP 24 X 3 6G LHRH SBF2 OAL 180 TOTEM,"HSS-E: priced on p11/p12-28, not matched yet"
HSS-E TAP 27 X 3 6G LHRH SBF2 OAL 180 TOTEM,"HSS-E: priced on p11/p12-28, not matched yet"
HSS-E TAP 27 X 3 6G RHLH SBF2 OAL 180 TOTEM,"HSS-E: priced on p11/p12-28, not matched yet"
HSS-E TAP 3 X .5 SBS5 TOTEM,"HSS-E: priced on p11/p12-28, not matched yet"
HSS-E TAP 3 X .5 SPIREX TOTEM,"HSS-E: priced on p11/p12-28, not matched yet"
"HSS-E TAP 3/8"" UNC SA3 TOTEM","HSS-E: priced on p11/p12-28, not matched yet"
HSS-E TAP 30 X 2 6G OAL 180 TOTEM,"HSS-E: priced on p11/p12-28, not matched yet"
HSS-E TAP 30 X 2 6G SBF2 OAL 180 TOTEM,"HSS-E: priced on p11/p12-28, not matched yet"
HSS-E TAP 30 X 3.5 SPFL SBS3 TOTEM,"HSS-E: priced on p11/p12-28, not matched yet"
HSS-E TAP 36 X 3 6G LH SBF2 OAL 180 TOTEM,"HSS-E: priced on p11/p12-28, not matched yet"
HSS-E TAP 36 X 3 6G OAL 180 TOTEM,"HSS-E: priced on p11/p12-28, not matched yet"
HSS-E TAP 36 X 3 6G RH SBF2 OAL 180 TOTEM,"HSS-E: priced on p11/p12-28, not matched yet"
HSS-E TAP 4 X .7 SAS5 TOTEM,"HSS-E: priced on p11/p12-28, not matched yet"
HSS-E TAP 4 X .7 SB3 TOTEM,"HSS-E: priced on p11/p12-28, not matched yet"
HSS-E TAP 4 X .7 SBS5 TOTEM,"HSS-E: priced on p11/p12-28, not matched yet"
HSS-E TAP 4 X .7 SD1 TOTEM,"HSS-E: priced on p11/p12-28, not matched yet"
HSS-E TAP 4 X .7 SF SET GOLD TOTEM,"HSS-E: priced on p11/p12-28, not matched yet"
HSS-E TAP 4 X .7 SPIREX TOTEM,"HSS-E: priced on p11/p12-28, not matched yet"
HSS-E TAP 5 X .8 SAF3 TOTEM,"HSS-E: priced on p11/p12-28, not matched yet"
HSS-E TAP 5 X .8 SAS5 TOTEM,"HSS-E: priced on p11/p12-28, not matched yet"
HSS-E TAP 5 X .8 SB3 TOTEM,"HSS-E: priced on p11/p12-28, not matched yet"
HSS-E TAP 5 X .8 SBS5 TOTEM,"HSS-E: priced on p11/p12-28, not matched yet"
HSS-E TAP 5 X .8 SF SET GOLD TOTEM,"HSS-E: priced on p11/p12-28, not matched yet"
HSS-E TAP 5 X .8 SPIREX GOLD TOTEM,"HSS-E: priced on p11/p12-28, not matched yet"
"HSS-E TAP 5/16"" UNC SB3 TOTEM","HSS-E: priced on p11/p12-28, not matched yet"
"HSS-E TAP 5/16"" UNF SA3 TOTEM","HSS-E: priced on p11/p12-28, not matched yet"
"HSS-E TAP 5/16"" UNF SB3 TOTEM","HSS-E: priced on p11/p12-28, not matched yet"
HSS-E TAP 6 X 1 D371 6 X 1 SA5 TOTEM,"HSS-E: priced on p11/p12-28, not matched yet"
HSS-E TAP 6 X 1 SA3 TOTEM,"HSS-E: priced on p11/p12-28, not matched yet"
HSS-E TAP 6 X 1 SAF3 TOTEM,"HSS-E: priced on p11/p12-28, not matched yet"
HSS-E TAP 6 X 1 SAS5 TOTEM,"HSS-E: priced on p11/p12-28, not matched yet"
HSS-E TAP 6 X 1 SB3 TOTEM,"HSS-E: priced on p11/p12-28, not matched yet"
HSS-E TAP 6 X 1 SBS5 TOTEM,"HSS-E: priced on p11/p12-28, not matched yet"
HSS-E TAP 6 X 1 SF SET GOLD TOTEM,"HSS-E: priced on p11/p12-28, not matched yet"
HSS-E TAP 6 X 1 SPIREX GOLD TOTEM,"HSS-E: priced on p11/p12-28, not matched yet"
HSS-E TAP 8 X 1 SB3 TOTEM,"HSS-E: priced on p11/p12-28, not matched yet"
HSS-E TAP 8 X 1.25 SAF3 TOTEM,"HSS-E: priced on p11/p12-28, not matched yet"
HSS-E TAP 8 X 1.25 SAS5 TOTEM,"HSS-E: priced on p11/p12-28, not matched yet"
HSS-E TAP 8 X 1.25 SB3 TOTEM,"HSS-E: priced on p11/p12-28, not matched yet"
HSS-E TAP 8 X 1.25 SBS5 TOTEM,"HSS-E: priced on p11/p12-28, not matched yet"
HSS-E TAP 8 X 1.25 SF SET GOLD TOTEM,"HSS-E: priced on p11/p12-28, not matched yet"
HSS-E TAP 8 X 1.25 SPFL GOLD TOTEM,"HSS-E: priced on p11/p12-28, not matched yet"
HSS-E TAP 8 X 1.25 SPIREX GOLD TOTEM,"HSS-E: priced on p11/p12-28, not matched yet"
HSS-E TAP D371 10 X 1.5 SAS5 TOTEM,"HSS-E: priced on p11/p12-28, not matched yet"
HSS-E TAP D371 4 X .7 SBS5 TOTEM,"HSS-E: priced on p11/p12-28, not matched yet"
HSS-E TAP D371 5 X .8 SAF3 TOTEM,"HSS-E: priced on p11/p12-28, not matched yet"
HSS-E TAP D371 5 X .8 SB1 TOTEM,"HSS-E: priced on p11/p12-28, not matched yet"
HSS-E TAP D371 5 X .8 SB3 TOTEM,"HSS-E: priced on p11/p12-28, not matched yet"
HSS-E TAP D371 6 X 1 6G SAF5 TOTEM,"HSS-E: priced on p11/p12-28, not matched yet"
HSS-E TAP D371 6 X 1 6H SAF5 TOTEM,"HSS-E: priced on p11/p12-28, not matched yet"
HSS-E TAP D371 6 X 1 SA3 TOTEM,"HSS-E: priced on p11/p12-28, not matched yet"
HSS-E TAP D371 6 X 1 SAS5 TOTEM,"HSS-E: priced on p11/p12-28, not matched yet"
HSS-E TAP D371 6 X 1 SC3 TOTEM,"HSS-E: priced on p11/p12-28, not matched yet"
HSS-E TAP D371 8 X 1.25 SAS5 TOTEM,"HSS-E: priced on p11/p12-28, not matched yet"
HSS-E TAP D371 8 X 1.25 SC3 TOTEM,"HSS-E: priced on p11/p12-28, not matched yet"
HSS-E TAP D371 8 X 1.25 SC4 TOTEM,"HSS-E: priced on p11/p12-28, not matched yet"
HSS-E TAP D374 10 X 1.25 SAS5 TOTEM,"HSS-E: priced on p11/p12-28, not matched yet"
HSS-E TAP D376 16 X 2 SAS5 TOTEM,"HSS-E: priced on p11/p12-28, not matched yet"
SOLID CARBIDE BALL NOSE 1.5 #140 XL TOTEM,not a tap
SOLID CARBIDE BALL NOSE 10 (2FL) #140 XL TOTEM,not a tap
SOLID CARBIDE BALL NOSE 10 #140 XL TOTEM,not a tap
SOLID CARBIDE BALL NOSE 10 X 100 #188 TOTEM,not a tap
SOLID CARBIDE BALL NOSE 10 X 152 # 188 TOTEM,not a tap
SOLID CARBIDE BALL NOSE 10 X 19 X 100 SH10 P PLUS TOTEM,not a tap
SOLID CARBIDE BALL NOSE 10 X 19 X 75 SH10 P PLUS TOTEM,not a tap
SOLID CARBIDE BALL NOSE 10 X 89 #125 XL TOTEM,not a tap
SOLID CARBIDE BALL NOSE 12 (2FL) #140 XL TOTEM,not a tap
SOLID CARBIDE BALL NOSE 12 # 140 XL TOTEM,not a tap
SOLID CARBIDE BALL NOSE 12 #140 TOTEM,not a tap
SOLID CARBIDE BALL NOSE 12 X 102 #125 XL TOTEM,not a tap
SOLID CARBIDE BALL NOSE 12 X 152 # 188 TOTEM,not a tap
SOLID CARBIDE BALL NOSE 12 X 22 X 100 SH12 P PLUS TOTEM,not a tap
SOLID CARBIDE BALL NOSE 12 X 22 X 80 SH12 P PLUS TOTEM,not a tap
SOLID CARBIDE BALL NOSE 12 X 80 P PLUS TOTEM,not a tap
SOLID CARBIDE BALL NOSE 16 X 152 # 188 TOTEM,not a tap
SOLID CARBIDE BALL NOSE 2 # 140 XL TOTEM,not a tap
SOLID CARBIDE BALL NOSE 2 X 60 P PLUS TOTEM,not a tap
SOLID CARBIDE BALL NOSE 2 XL TOTEM,not a tap
SOLID CARBIDE BALL NOSE 2.5 #140 XL TOTEM,not a tap
SOLID CARBIDE BALL NOSE 20 TOTEM,not a tap
SOLID CARBIDE BALL NOSE 3 (2FL) #140 XL TOTEM,not a tap
SOLID CARBIDE BALL NOSE 3 # 140 XL TOTEM,not a tap
SOLID CARBIDE BALL NOSE 3 X 12 X 38 SH3 P PLUS TOTEM,not a tap
SOLID CARBIDE BALL NOSE 3 X 63 #125 XL TOTEM,not a tap
SOLID CARBIDE BALL NOSE 3 X 64 P PLUS TOTEM,not a tap
SOLID CARBIDE BALL NOSE 4 (2FL) #150 XL TOTEM,not a tap
SOLID CARBIDE BALL NOSE 4 #140 XL TOTEM,not a tap
SOLID CARBIDE BALL NOSE 4 X 100 # 188 TOTEM,not a tap
SOLID CARBIDE BALL NOSE 4 X 20 X 64 SH4 P PLUS TOTEM,not a tap
SOLID CARBIDE BALL NOSE 4 X 64 #125 XL TOTEM,not a tap
SOLID CARBIDE BALL NOSE 4 X 80 P PLUS TOTEM,not a tap
SOLID CARBIDE BALL NOSE 4 XL TOTEM,not a tap
SOLID CARBIDE BALL NOSE 5 (2FL) #140 XL TOTEM,not a tap
SOLID CARBIDE BALL NOSE 5 #140 XL TOTEM,not a tap
SOLID CARBIDE BALL NOSE 5 X 100 # 188 TOTEM,not a tap
SOLID CARBIDE BALL NOSE 5 X 15 X 60 SH5 P PLUS TOTEM,not a tap
SOLID CARBIDE BALL NOSE 5 X 63 #125 XL TOTEM,not a tap
SOLID CARBIDE BALL NOSE 6 (2FL) #150 XL TOTEM,not a tap
SOLID CARBIDE BALL NOSE 6 # 140 XL TOTEM,not a tap
SOLID CARBIDE BALL NOSE 6 #140 TOTEM,not a tap
SOLID CARBIDE BALL NOSE 6 X 10 X 80 SH6 P PLUS TOTEM,not a tap
SOLID CARBIDE BALL NOSE 6 X 100 #188 TOTEM,not a tap
SOLID CARBIDE BALL NOSE 6 X 16 X 102 SH6 P PLUS TOTEM,not a tap
SOLID CARBIDE BALL NOSE 6 X 76 #125 XL TOTEM,not a tap
SOLID CARBIDE BALL NOSE 8 (2FL) #150 XL TOTEM,not a tap
SOLID CARBIDE BALL NOSE 8 #140 TOTEM,not a tap
SOLID CARBIDE BALL NOSE 8 #140 XL TOTEM,not a tap
SOLID CARBIDE BALL NOSE 8 X 100 #188 TOTEM,not a tap
SOLID CARBIDE BALL NOSE 8 X 150 # 188 TOTEM,not a tap
SOLID CARBIDE BALL NOSE 8 X 16 X 60 SH8 P PLUS TOTEM,not a tap
SOLID CARBIDE BALL NOSE 8 X 16 X 80 SH8 P PLUS TOTEM,not a tap
SOLID CARBIDE BALL NOSE 8 X 20 X 102 SH8 P PLUS TOTEM,not a tap
SOLID CARBIDE BALL NOSE 8 X 80 P PLUS TOTEM,not a tap
SOLID CARBIDE BALL NOSE 8 X 83 #125 XL TOTEM,not a tap
SOLID CARBIDE DRILL 1 TOTEM,not a tap
SOLID CARBIDE DRILL 1.20 TOTEM,not a tap
SOLID CARBIDE DRILL 1.5 TOTEM,not a tap
SOLID CARBIDE DRILL 1.6 TOTEM,not a tap
SOLID CARBIDE DRILL 1.9 TOTEM,not a tap
SOLID CARBIDE DRILL 10 TOTEM,not a tap
SOLID CARBIDE DRILL 10.4 TOTEM,not a tap
SOLID CARBIDE DRILL 10.5 TOTEM,not a tap
SOLID CARBIDE DRILL 11.8 TOTEM,not a tap
SOLID CARBIDE DRILL 12 TOTEM,not a tap
SOLID CARBIDE DRILL 12.5 TOTEM,not a tap
SOLID CARBIDE DRILL 2 TOTEM,not a tap
SOLID CARBIDE DRILL 2.2 TOTEM,not a tap
SOLID CARBIDE DRILL 2.5 TOTEM,not a tap
SOLID CARBIDE DRILL 2.7 TOTEM,not a tap
SOLID CARBIDE DRILL 2.8 TOTEM,not a tap
SOLID CARBIDE DRILL 3.0 TOTEM,not a tap
SOLID CARBIDE DRILL 3.1 TOTEM,not a tap
SOLID CARBIDE DRILL 3.2 TOTEM,not a tap
SOLID CARBIDE DRILL 3.3 TOTEM,not a tap
SOLID CARBIDE DRILL 3.4 TOTEM,not a tap
SOLID CARBIDE DRILL 3.5 TOTEM,not a tap
SOLID CARBIDE DRILL 3.7 TOTEM,not a tap
SOLID CARBIDE DRILL 3.8 TOTEM,not a tap
SOLID CARBIDE DRILL 3.9 TOTEM,not a tap
SOLID CARBIDE DRILL 4 TOTEM,not a tap
SOLID CARBIDE DRILL 4.2 TOTEM,not a tap
SOLID CARBIDE DRILL 4.2 X 63 TOTEM,not a tap
SOLID CARBIDE DRILL 4.3 TOTEM,not a tap
SOLID CARBIDE DRILL 4.3 X 63 TOTEM,not a tap
SOLID CARBIDE DRILL 4.5 TOTEM,not a tap
SOLID CARBIDE DRILL 4.7 TOTEM,not a tap
SOLID CARBIDE DRILL 4.8 TOTEM,not a tap
SOLID CARBIDE DRILL 5 TOTEM,not a tap
SOLID CARBIDE DRILL 5.1 TOTEM,not a tap
SOLID CARBIDE DRILL 5.1 X 80 SH6 TOTEM,not a tap
SOLID CARBIDE DRILL 5.2 TOTEM,not a tap
SOLID CARBIDE DRILL 5.5 TOTEM,not a tap
SOLID CARBIDE DRILL 5.9 TOTEM,not a tap
SOLID CARBIDE DRILL 6 TOTEM,not a tap
SOLID CARBIDE DRILL 6.3 TOTEM,not a tap
SOLID CARBIDE DRILL 6.5 TOTEM,not a tap
SOLID CARBIDE DRILL 6.8 TOTEM,not a tap
SOLID CARBIDE DRILL 7 TOTEM,not a tap
SOLID CARBIDE DRILL 7.4 TOTEM,not a tap
SOLID CARBIDE DRILL 7.5 TOTEM,not a tap
SOLID CARBIDE DRILL 8 TOTEM,not a tap
SOLID CARBIDE DRILL 8.1 TOTEM,not a tap
SOLID CARBIDE DRILL 8.3 TOTEM,not a tap
SOLID CARBIDE DRILL 8.5 TOTEM,not a tap
SOLID CARBIDE DRILL 8.8 TOTEM,not a tap
SOLID CARBIDE DRILL 9 TOTEM,not a tap
SOLID CARBIDE ENDMILL 1 X 3 X 50 EXP TOTEM,not a tap
SOLID CARBIDE ENDMILL 1 XL TOTEM,not a tap
SOLID CARBIDE ENDMILL 1.5 X 4 X 50 EXP TOTEM,not a tap
SOLID CARBIDE ENDMILL 1.5 XL TOTEM,not a tap
SOLID CARBIDE ENDMILL 10 X 100 #187 TOTEM,not a tap
SOLID CARBIDE ENDMILL 10 X 152 #187 TOTEM,not a tap
SOLID CARBIDE ENDMILL 10 X 22 X 75 SH10 P PLUS TOTEM,not a tap
SOLID CARBIDE ENDMILL 10 X 25 X 100 SH10 P PLUS TOTEM,not a tap
SOLID CARBIDE ENDMILL 10 X 25 X 75 EXP TOTEM,not a tap
SOLID CARBIDE ENDMILL 10 X 89 #122 XL TOTEM,not a tap
SOLID CARBIDE ENDMILL 10 XL TOTEM,not a tap
SOLID CARBIDE ENDMILL 12 X 102 #122 XL TOTEM,not a tap
SOLID CARBIDE ENDMILL 12 X 152 # 187 TOTEM,not a tap
SOLID CARBIDE ENDMILL 12 X 22 X 76 SH10 P PLUS TOTEM,not a tap
SOLID CARBIDE ENDMILL 12 X 30 X 102 SH12 P PLUS TOTEM,not a tap
SOLID CARBIDE ENDMILL 12 X 30 X 75 EXP TOTEM,not a tap
SOLID CARBIDE ENDMILL 12 XL TOTEM,not a tap
SOLID CARBIDE ENDMILL 14 X 30 X 76 SH14 P PLUS TOTEM,not a tap
SOLID CARBIDE ENDMILL 14 X 45 X 100 EXP TOTEM,not a tap
SOLID CARBIDE ENDMILL 16 # 111 TOTEM,not a tap
SOLID CARBIDE ENDMILL 16 X 117 # 122 XL TOTEM,not a tap
SOLID CARBIDE ENDMILL 16 X 152 #187 TOTEM,not a tap
SOLID CARBIDE ENDMILL 16 X 32 X 100 SH16 P PLUS TOTEM,not a tap
SOLID CARBIDE ENDMILL 16 X 45 X 100 EXP TOTEM,not a tap
SOLID CARBIDE ENDMILL 16 XL TOTEM,not a tap
SOLID CARBIDE ENDMILL 2 (2FL) #121 TOTEM,not a tap
SOLID CARBIDE ENDMILL 2 X 5 X 50 EXP TOTEM,not a tap
SOLID CARBIDE ENDMILL 2 XL TOTEM,not a tap
SOLID CARBIDE ENDMILL 2.5 X 7 X 50 EXP TOTEM,not a tap
SOLID CARBIDE ENDMILL 2.5 XL TOTEM,not a tap
SOLID CARBIDE ENDMILL 20 X 152 #187 TOTEM,not a tap
SOLID CARBIDE ENDMILL 20 X 38 X 104 SH20 TOTEM,not a tap
SOLID CARBIDE ENDMILL 20 X 45 X 100 EXP TOTEM,not a tap
SOLID CARBIDE ENDMILL 20 XL TOTEM,not a tap
SOLID CARBIDE ENDMILL 25 #111 TOTEM,not a tap
SOLID CARBIDE ENDMILL 3 #111 TOTEM,not a tap
SOLID CARBIDE ENDMILL 3 X 12 X 38 SH3 P PLUS TOTEM,not a tap
SOLID CARBIDE ENDMILL 3 X 64 #122 XL TOTEM,not a tap
SOLID CARBIDE ENDMILL 3 X 8 X 50 EXP TOTEM,not a tap
SOLID CARBIDE ENDMILL 3 XL TOTEM,not a tap
SOLID CARBIDE ENDMILL 4 (2FL) #121 TOTEM,not a tap
SOLID CARBIDE ENDMILL 4 (2FL) XL TOTEM,not a tap
SOLID CARBIDE ENDMILL 4 X 10 X 50 EXP TOTEM,not a tap
SOLID CARBIDE ENDMILL 4 X 100 #187 TOTEM,not a tap
SOLID CARBIDE ENDMILL 4 X 14 X 51 SH4 P PLUS TOTEM,not a tap
SOLID CARBIDE ENDMILL 4 X 64 #122 XL TOTEM,not a tap
SOLID CARBIDE ENDMILL 4 XL TOTEM,not a tap
SOLID CARBIDE ENDMILL 5 #111 TOTEM,not a tap
SOLID CARBIDE ENDMILL 5 X 100 #187 TOTEM,not a tap
SOLID CARBIDE ENDMILL 5 X 13 X 50 EXP TOTEM,not a tap
SOLID CARBIDE ENDMILL 5 X 15 X 60 SH5 P PLUS TOTEM,not a tap
SOLID CARBIDE ENDMILL 5 X 64 # 122 XL TOTEM,not a tap
SOLID CARBIDE ENDMILL 5 XL TOTEM,not a tap
SOLID CARBIDE ENDMILL 6 #111 TOTEM,not a tap
SOLID CARBIDE ENDMILL 6 X 100 #187 TOTEM,not a tap
SOLID CARBIDE ENDMILL 6 X 100 #188 TOTEM,not a tap
SOLID CARBIDE ENDMILL 6 X 15 X 50 EXP TOTEM,not a tap
SOLID CARBIDE ENDMILL 6 X 15 X 60 SH6 P PLUS TOTEM,not a tap
SOLID CARBIDE ENDMILL 6 X 20 X 80 SH6 P PLUS TOTEM,not a tap
SOLID CARBIDE ENDMILL 6 X 76 #122 XL TOTEM,not a tap
SOLID CARBIDE ENDMILL 6 X 76 TOTEM,not a tap
SOLID CARBIDE ENDMILL 6 XL TOTEM,not a tap
SOLID CARBIDE ENDMILL 7 XL TOTEM,not a tap
SOLID CARBIDE ENDMILL 8 (2FL) #136 TOTEM,not a tap
SOLID CARBIDE ENDMILL 8 (2FL) XL TOTEM,not a tap
SOLID CARBIDE ENDMILL 8 #111 TOTEM,not a tap
SOLID CARBIDE ENDMILL 8 HSM TOTEM,not a tap
SOLID CARBIDE ENDMILL 8 TOTEM,not a tap
SOLID CARBIDE ENDMILL 8 X 100 #187 TOTEM,not a tap
SOLID CARBIDE ENDMILL 8 X 150 #187 TOTEM,not a tap
SOLID CARBIDE ENDMILL 8 X 19 X 60 SH8 P PLUS TOTEM,not a tap
SOLID CARBIDE ENDMILL 8 X 20 X 60 EXP TOTEM,not a tap
SOLID CARBIDE ENDMILL 8 X 25 X 80 SH8 P PLUS TOTEM,not a tap
SOLID CARBIDE ENDMILL 8 X 83 #122 XL TOTEM,not a tap
SOLID CARBIDE ENDMILL 8 XL TOTEM,not a tap
SOLID CARBIDE ENDMILL 9 X 75 #122 TOTEM,not a tap
SOLID CARBIDE LONG ENDMILL 25 X 105 X 160 TOTEM,not a tap
SOLID CARBIDE ROLL TAP 6 X 1 TH CO TOTEM,solid carbide - not in this HSS price list
SOLID CARBIDE STUB DRILL 4.1 TOTEM,not a tap
SOLID CARBIDE TAP 3 X .5 TOTEM,solid carbide - not in this HSS price list
SOLID CARBIDE TAP 4 X .7 TOTEM,solid carbide - not in this HSS price list
SOLID CARBIDE TAP 5 X .8 TOTEM,solid carbide - not in this HSS price list
SOLID CARBIDE TAP 6 X 1 TOTEM,solid carbide - not in this HSS price list
SOLID CARBIDE TAP 8 X 1.25 TOTEM,solid carbide - not in this HSS price list
TCRB A1 TOTEM,not a tap
TCRB A2 TOTEM,not a tap
TCRB A3 TOTEM,not a tap
TCRB A4 TOTEM,not a tap
TCRB A5 TOTEM,not a tap
TCRB A6 TOTEM,not a tap
TCRB A7 TOTEM,not a tap
TCRB A8 TOTEM,not a tap
TCRB B0 TOTEM,not a tap
TCRB B1 TOTEM,not a tap
TCRB B12 TOTEM,not a tap
TCRB B1D 70 mm TOTEM,not a tap
TCRB B1S 80 mm TOTEM,not a tap
TCRB B2 TOTEM,not a tap
TCRB B2D TOTEM,not a tap
TCRB B3 TOTEM,not a tap
TCRB B4 TOTEM,not a tap
TCRB B5 TOTEM,not a tap
TCRB B5Z TOTEM,not a tap
TCRB B6 TOTEM,not a tap
TCRB B7 TOTEM,not a tap
TCRB B8 TOTEM,not a tap
TCRB C0 TOTEM,not a tap
TCRB C1 TOTEM,not a tap
TCRB C2 TOTEM,not a tap
TCRB C2D TOTEM,not a tap
TCRB C3 TOTEM,not a tap
TCRB C4 TOTEM,not a tap
TCRB C5 TOTEM,not a tap
TCRB C6 TOTEM,not a tap
TCRB CE3 TOTEM,not a tap
TCRB F1 TOTEM,not a tap
TCRB F2 TOTEM,not a tap
TCRB F3 TOTEM,not a tap
TCRB F4 TOTEM,not a tap
TCRB F4D TOTEM,not a tap
TCRB K1 NF TOTEM,not a tap
TCRB K1 TOTEM,not a tap
TCRB K2 TOTEM,not a tap
TCRB K3 TOTEM,not a tap
TCRB K6 TOTEM,not a tap
TCRB MA1 TOTEM,not a tap
TCRB MA2 TOTEM,not a tap
TCRB MA4 TOTEM,not a tap
TCRB MA5 TOTEM,not a tap
TCRB MA5D TOTEM,not a tap
TCRB MB0 TOTEM,not a tap
TCRB MB1 TOTEM,not a tap
TCRB MB1D TOTEM,not a tap
TCRB MB2 TOTEM,not a tap
TCRB MB2S TOTEM,not a tap
TCRB MC1 TOTEM,not a tap
TCRB MC1D TOTEM,not a tap
TCRB MC2 TOTEM,not a tap
TCRB MC3 TOTEM,not a tap
TCRB MC4 TOTEM,not a tap
TCRB MK2 TOTEM,not a tap
TCRB MK3 TOTEM,not a tap
TCRB MO2 TOTEM,not a tap
TCRB MS1 TOTEM,not a tap
TCRB MT1 TOTEM,not a tap
TCRB MT2 TOTEM,not a tap
TCRB MT2D TOTEM,not a tap
TCRB MT4 TOTEM,not a tap
TCRB MTB1 TOTEM,not a tap
TCRB O1 TOTEM,not a tap
TCRB O2 TOTEM,not a tap
TCRB R3 TOTEM,not a tap
TCRB S1 TOTEM,not a tap
TCRB S2 TOTEM,not a tap
TCRB S3 TOTEM,not a tap
TCRB S4 TOTEM,not a tap
TCRB S4L2 TOTEM,not a tap
TCRB S5 TOTEM,not a tap
TCRB S6 TOTEM,not a tap
TCRB SET BS1 (STANDARD CUT) TOTEM,not a tap
TCRB SET BS1 TOTEM,not a tap
TCRB T1 TOTEM,not a tap
TCRB T2 TOTEM,not a tap
TCRB T3 TOTEM,not a tap
TCRB T4 TOTEM,not a tap
TCRB T5 TOTEM,not a tap
TCRB TB1 TOTEM,not a tap
TCRB TB2 TOTEM,not a tap
TCRB TB3 TOTEM,not a tap
TCRB TB4 TOTEM,not a tap
TCRB TB5 TOTEM,not a tap
TCRB TB7 NF TOTEM,not a tap
TCRB TB7 TOTEM,not a tap
TCRB TB9 TOTEM,not a tap
TCT ANNULAR CUTTER 22 X 55 X 92 TOTEM,not a tap
